Hangi bölümde okuyorsunuz? LİSANS,Hangi ünide okuyorsunuz? LİSANS,Hangi bölümde okuyorsunuz? YÜKSEKLİSANS,Hangi ünide okuyorsunuz? YÜKSEKLİSANS,Üniversitenin Dünya Sıralaması,Üniversitenin Akademik Bilinirliği,Üniversitenin Araştırma ve Yayıma Verdiği Önem,Programın İçeriği,Programın Akademik Bilinirliği,Programın Eğitim Dili,İngilizce konuşulan çevre
Kimya Mühendisliği,Yeditepe Üniversitesi,Data Science,RWTH Aachen University,3,5,5,4,5,5,5
Elektrik Elektronik Mühendisliği,Boğaziçi Üniversitesi,Biomedical Computing,Technical University of Münich,4,5,5,4,4,4,5
Tarih ,Bolu Abant İzzet Baysal Üniversitesi ,Tarih ,Berlin Humboldt University,5,5,4,4,5,5,2
Elektrik Elektronik Mühendisliği,Boğaziçi Üniversitesi,Elektrik Elektronik Mühendisliği ,RWTH Aachen University,4,4,4,5,3,2,5
Kimya,Boğaziçi Üniversitesi,Kimya,Freie Universität Berlin,5,4,4,4,2,4,5
Moleküler Biyoloji ve Genetik,Boğaziçi Üniversitesi,Precision Medicine,University Grenoble Alpes ,4,5,2,3,5,4,5
İşletme,Boğaziçi Üniversitesi,Management and Technology,Technical University of Münich,4,5,4,4,3,5,5
Makina Mühendisliği,İstanbul Teknik Üniversitesi,Aerospace,Technische Universität Darmstadt ,4,5,3,5,5,3,5
Felsefe,Boğaziçi Üniversitesi,Philosophy,Universita della Svizerra Italiana,4,5,4,4,3,2,5
Felsefe,Ortadoğu Teknik Üniversitesi,Philosophy,Universita della Svizerra Italiana,4,5,4,5,4,5,5
Sanat Tarihi ,İstanbul Üniversitesi ,Sanat Tarihi ,University of Vienna,5,5,5,4,5,5,5
Batı Dilleri ve Edebiyatları,Boğaziçi Üniversitesi,English Literatures and Cultures ,Tübingen University,5,4,5,4,4,3,4
Management Information Systems,Yeditepe Üniversitesi,Information Systems,University of Münster,4,5,5,2,4,1,5
Fizik ,Boğaziçi Üniversitesi,Fizik,RWTH Aachen University,4,5,4,5,3,2,5
Mimarlık,Maltepe Üniversitesi,Mimarlık,University of Bologna,4,4,4,4,3,3,4
Moleküler Biyoloji ve Genetik,Boğaziçi Üniversitesi,Interdisciplinary Neuroscience ,Goethe University ,4,5,5,5,5,4,5
Management Information Systems,Boğaziçi Üniversitesi,Management and Technology ,Technical University of Münich,5,5,5,5,4,5,5
İşletme,Galatasaray Üniversitesi,Human Resources Management and Organizational Behavior ,Toulouse School of Managemen,5,5,5,5,5,2,5
Bilgisayar Mühendisliği,Bilkent Üniversitesi,Informatics,Technical University of Münich,4,5,5,3,3,3,5
Psikoloji ,Özyeğin Üniversitesi,Sosyal Bilimler,ENS Paris,4,5,4,4,5,3,5
Uluslararası İlişkiler,Yalova Üniversitesi,İşletme,University of Manheim,3,5,5,4,4,5,4
Siyaset Bilimi ve Uluslararası İlişkiler ,MEF Üniversitesi ,Sosyal Bilimler,Florence University,4,5,4,5,5,5,5
Hukuk ,Marmara Üniversitesi,Hukuk,Berlin School Of Economics and Law,4,4,4,5,4,5,4
Siyaset Bilimi ve Uluslararası İlişkiler ,Boğaziçi Üniversitesi,Supply Chain ,Kuehne Logistics University,4,5,4,4,5,4,5
Management Information Systems,Boğaziçi Üniversitesi,Bilgi Teknolojileri,Technical University of Münich,4,5,5,2,5,5,5
Dilbilim,Boğaziçi Üniversitesi,Dilbilim, Potsdam University,1,4,3,3,4,4,5
Management Information Systems,Boğaziçi Üniversitesi,Bilgi Teknolojileri,Berlin Technical University,5,2,2,2,2,2,2
Management Information Systems,Boğaziçi Üniversitesi,Bilgi Teknolojileri,Technical University of Münich,5,5,4,3,3,5,5
Management Information Systems,Boğaziçi Üniversitesi,Bilgi Teknolojileri,Twente University ,2,4,3,1,5,4,5
Ekonomi,Boğaziçi Üniversitesi,Finans,Frankfurt School of Finance and Management,4,4,4,4,4,4,5
Beslenme ve Diyetetik ,Marmara Üniversitesi,Sağlık,Padova University,4,5,5,4,2,4,5
Management Information Systems,Boğaziçi Üniversitesi,İşletme,University of Leipzig,5,5,5,5,5,2,5
Kimya,Boğaziçi Üniversitesi ,İşletme,Berlin Technical University,4,5,5,5,5,4,5
Management Information Systems,Boğaziçi Üniversitesi,Bilgi Teknolojileri,University of Tilburg,4,4,3,2,5,4,5
Ekonomi,Boğaziçi Üniversitesi,Ekonomi,Ludwig Maximilian University,4,4,4,4,4,2,5
Management Information Systems,Boğaziçi Üniversitesi,Finans,Frankfurt School of Finance and Management,2,5,4,3,5,5,5
Management Information Systems,Boğaziçi Üniversitesi,Mühendislik,Imperial College London,5,5,5,5,5,3,5
Management Information Systems,Boğaziçi Üniversitesi ,Ekonomi,Ludwig Maximilian University,4,4,4,2,3,3,4
Management Information Systems,Boğaziçi Üniversitesi,İşletme,University of Leipzig,5,5,4,4,5,3,2
Management Information Systems,Boğaziçi Üniversitesi,Bilgi Teknolojileri,Utrecht University,2,5,3,2,2,4,5
Management Information Systems,Boğaziçi Üniversitesi,Bilgi Teknolojileri,Technical University of Münich,5,5,4,4,4,4,5
Bilgisayar Mühendisliği,Sakarya Üniversitesi,Bilgi Teknolojileri,Berlin Technical University,4,4,3,3,4,5,5
Management Information Systems,Boğaziçi Üniversitesi,Bilgi Teknolojileri,Berlin Technical University,4,5,4,4,4,4,5
Matematik Mühendisliği ,Yıldız Teknik Üniversitesi ,Bilgi Teknolojileri,Politecnico di Torino,2,5,4,3,4,3,5
Rehberlik ve Psikolojik Danışmanlık ,Maltepe Üniversitesi,Eğitim,Berlin Humboldt University,4,4,3,4,4,4,4
Sosyoloji ,Boğaziçi Üniversitesi,Sosyal Bilimler,ENS Paris,4,4,4,5,4,3,5
Management Information Systems,Boğaziçi Üniversitesi,Computer Science,EPFL,3,4,3,2,4,3,5
Hukuk,İstanbul Üniversitesi ,Hukuk,Ludwig Maximilian University,5,5,5,4,4,4,4
Siyaset Bilimi ve Uluslararası İlişkiler ,Boğaziçi Üniversitesi,Sosyal Bilimler,Florence University,2,5,3,3,5,5,5
Matematik Mühendisliği ,Yıldız Teknik Üniversitesi ,Bilgi Teknolojileri,Berlin Technical University,3,5,4,4,3,4,4
Moleküler Biyoloji ve Genetik,Boğaziçi Üniversitesi,Temel Bilim,Albert-Ludwigs-Universität Freiburg,4,4,3,5,3,5,5
Management Information Systems,Boğaziçi Üniversitesi,İşletme,University of Leipzig,4,4,3,4,4,3,5
Mekatronik Mühendisliği,Bahçeşehir Üniversitesi,Mühendislik,Delft University of Technology,4,5,2,5,5,1,5
İşletme,Boğaziçi Üniversitesi,Finans,Frankfurt School of Finance and Management,4,5,3,4,5,1,4
Bilgisayar Mühendisliği,Maltepe Üniversitesi,Bilgi Teknolojileri,Karlsruher Institut für Technologie,3,4,3,5,4,4,5
Biyomedikal Mühendisliği ,Yıldız Teknik Üniversitesi ,Sağlık,RWTH Aachen University,5,5,4,4,4,3,5
Uluslararası Ticaret,Boğaziçi Üniversitesi,Sosyal Bilimler,Berlin Humboldt University,4,5,4,3,5,3,5
Bilgisayar Mühendisliği,Işık Üniversitesi,Computer Science,Berlin Technical University,3,4,4,4,4,4,5
Yazılım Mühendisliği,Karadeniz Teknik Üniversitesi,İşletme,University of Stuttgart,5,5,5,5,5,3,5
Management Information Systems,Dokuz Eylül Üniversitesi ,Bilgi Teknolojileri,Technical University of Münich,2,5,5,5,5,5,4
Matematik,Boğaziçi Üniversitesi,Temel Bilim,University of Stuttgart,4,5,4,5,4,3,5
Havacılık Yönetimi,Anadolu Üniversitesi,İşletme,Technical University of Münich,4,5,4,4,5,4,5
Psikoloji ,Boğaziçi Üniversitesi,Sosyal Bilimler,University of Limerick ,4,5,4,5,5,4,5
Endüstri Mühendisliği ,Işık Üniversitesi,Mühendislik,RWTH Aachen University,4,4,4,3,4,5,5
Matematik,Boğaziçi Üniversitesi,Temel Bilim,University of Vienna,4,5,4,4,5,5,5
Matematik ,Boğaziçi Üniversitesi,Temel Bilim,University of Bonn,3,5,4,5,4,2,4
Management Information Systems,İstanbul Gedik Üniversitesi,Information Systems,University of Leipzig,4,5,5,5,5,5,5
Sosyoloji,Boğaziçi Üniversitesi,Sosyal Bilimler,ENS Paris,4,4,4,3,4,3,5
Sosyoloji ,Boğaziçi Üniversitesi,Sosyal Bilimler,ENS Paris,5,4,3,3,3,3,5
Bilgisayar Mühendisliği,Sabancı Üniversitesi,Bilgi Teknolojileri,EPFL,3,4,5,5,5,2,5
Çeviribilim ,Boğaziçi Üniversitesi,Çeviribilim ,Université de Strasbourg,4,4,3,5,4,2,5
Matematik,Boğaziçi Üniversitesi,Temel Bilim,Amsterdam Üniversitesi,4,4,4,5,3,1,5
Batı Dilleri ve Edebiyatları,Boğaziçi Üniversitesi,Humanities,Berlin Humboldt University,4,5,4,4,5,3,5
Metalurji ve Malzeme Mühendisliği,Marmara Üniversitesi,Mühendislik,Politecnico di Milano,5,5,5,4,5,5,5
Kontrol ve Otomasyon Mühendisliği ,İstanbul Teknik Üniversitesi,Mühendislik,RWTH Aachen University,4,5,4,3,4,5,4
Dilbilim,Boğaziçi Üniversitesi,Dilbilim,University of Freiburg,3,5,5,5,5,4,5
Ekonomi ,Boğaziçi Üniversitesi,Ekonomi,Ludwig Maximilian University,5,5,5,5,5,2,5
Tarih ,Boğaziçi Üniversitesi,Sosyal Bilimler,Berlin Humboldt University,4,4,3,4,3,4,4
İşletme,Boğaziçi Üniversitesi,İşletme,Berlin Technical University,5,5,5,4,3,3,4
İnşaat Mühendisliği ,Boğaziçi Üniversitesi,Mühendislik,Technical University of Münich,4,5,3,4,5,5,5
Rehberlik ve Psikolojik Danışmanlık ,Maltepe Üniversitesi,Klinik Psikoloji,King’s College London,4,4,4,4,4,4,4
Psikoloji ,Boğaziçi Üniversitesi,Sosyal Bilimler,University of Padua,4,4,3,2,4,4,5
Ekonomi ,Yıldız Teknik Üniversitesi ,Ekonomi,Frankfurt School of Finance and Management,4,4,4,3,4,4,4
Elektrik Elektronik Mühendisliği,Boğaziçi Üniversitesi,Mühendislik,RWTH Aachen University,2,4,4,4,4,4,4
Fizik ,Boğaziçi Üniversitesi,Temel Bilim,Stockholm University,4,5,4,5,4,3,5
Moleküler Biyoloji ve Genetik,Boğaziçi Üniversitesi,Temel Bilim,Albert-Ludwigs-Universität Freiburg,4,3,5,5,4,4,5
İşletme,Boğaziçi Üniversitesi,Finans,Frankfurt School of Finance and Management,4,5,4,3,4,3,4
Makina Mühendisliği,Boğaziçi Üniversitesi,Mühendislik,Politecnico di Milano,3,5,4,3,5,3,5
Mimarlık,Yıldız Teknik Üniversitesi,Mimarlık,University of Bologna,4,4,4,2,3,2,4
Fen Bilgisi Öğretmenliği ,Boğaziçi Üniversitesi,Eğitim,Freie Universität Berlin,4,5,4,4,5,5,5
İşletme,Boğaziçi Üniversitesi,İşletme,ETH Zurich,3,4,3,5,3,5,5
Management Information Systems,Eskişehir Anadolu Üniversitesi,Bilgi Teknolojileri,Politecnico di Milano,4,4,5,2,3,2,4
Management Information Systems,Boğaziçi Üniversitesi,Bilgi Teknolojileri,Technical University of Münich,5,4,4,3,4,5,5
İşletme,Yıldız Teknik Üniversitesi,Management and Technology,Technical University of Münich,5,4,4,4,4,5,5
Management Information Systems,Bilkent Üniversitesi,Management and Technology ,Technical University of Münich,4,5,4,5,4,5,5
İşletme,Boğaziçi Üniversitesi,Management and Technology,Technical University of Münich,5,5,4,4,4,5,5
Management Information Systems,Sabancı Üniversitesi,Management and Technology ,Technical University of Münich,4,5,4,5,4,5,5
İşletme,Boğaziçi Üniversitesi,Management and Technology,Technical University of Münich,5,5,5,4,4,5,5
Ekonomi,Bilkent Üniversitesi,Management and Technology ,Technical University of Münich,4,5,5,5,4,5,5
Management Information Systems,İstanbul Üniversitesi ,Management and Technology ,Technical University of Münich,5,5,5,5,4,5,5
Bilgisayar Mühendisliği,Bilkent Üniversitesi,Informatics,Technical University of Münich,4,5,5,3,5,5,5
Bilgisayar Mühendisliği,Boğaziçi Üniversitesi,Informatics,Technical University of Münich,4,5,4,3,3,3,5
Bilgisayar Mühendisliği,Sabancı Üniversitesi,Informatics,Technical University of Münich,4,5,5,3,3,3,5
Management Information Systems,Boğaziçi Üniversitesi,Bilgi Teknolojileri,Technical University of Münich,4,5,4,3,3,5,5
Management Information Systems,İstanbul Üniversitesi ,Bilgi Teknolojileri,Technical University of Münich,5,5,4,5,5,4,5
Bilgisayar Mühendisliği,Ortadoğu Teknik Üniversitesi ,Bilgi Teknolojileri,Technical University of Münich,3,5,5,5,5,5,4
Management Information Systems,Boğaziçi Üniversitesi,Bilgi Teknolojileri,Technical University of Münich,4,5,5,3,4,5,5
Bilgisayar Mühendisliği,İstanbul Üniversitesi ,Bilgi Teknolojileri,Technical University of Münich,5,5,4,3,4,4,5
Bilgisayar Mühendisliği,Dokuz Eylül Üniversitesi ,Bilgi Teknolojileri,Technical University of Münich,3,5,4,4,4,5,4
Kimya,Maltepe Üniversitesi,İşletme,Technical University of Münich,4,5,4,5,5,4,5
Matematik Mühendisliği ,Yıldız Teknik Üniversitesi,İşletme,Technical University of Münich,4,5,4,4,5,4,5
İnşaat Mühendisliği ,Bilkent Üniversitesi,İşletme,Technical University of Münich,4,5,4,5,5,4,5
Kimya,Yıldız Teknik Üniversitesi,İşletme,Technical University of Münich,4,5,4,4,5,4,5
Kimya Mühendisliği,Bilkent Üniversitesi,Mühendislik,Technical University of Münich,4,5,4,4,5,5,5
Kimya Mühendisliği,İstanbul Üniversitesi ,Mühendislik,Technical University of Münich,4,5,4,5,5,5,5
İnşaat Mühendisliği ,Boğaziçi Üniversitesi,Mühendislik,Technical University of Münich,4,5,3,4,5,4,5
Elektrik Elektronik Mühendisliği,Bilkent Üniversitesi,Biomedical Computing,Technical University of Münich,4,5,5,4,5,5,5
Bilgisayar Mühendisliği,Boğaziçi Üniversitesi,Biomedical Computing,Technical University of Münich,4,5,5,4,4,5,5
Makina Mühendisliği,Boğaziçi Üniversitesi,Data Science,RWTH Aachen University,4,5,4,5,5,4,5
Elektrik Elektronik Mühendisliği,Yıldız Teknik Üniversitesi ,Elektrik Elektronik Mühendisliği ,RWTH Aachen University,5,4,4,5,4,3,5
Fizik,İstanbul Teknik Üniversitesi,Fizik,RWTH Aachen University,5,5,4,5,4,3,5
Elektrik Elektronik Mühendisliği,İstanbul Teknik Üniversitesi,Elektrik Elektronik Mühendisliği ,RWTH Aachen University,4,5,5,4,5,4,5
Bilgisayar Mühendisliği,Boğaziçi Üniversitesi,Mühendislik,RWTH Aachen University,5,4,4,4,4,5,5
Makina Mühendisliği,İstanbul Teknik Üniversitesi,Mühendislik,RWTH Aachen University,4,5,5,3,5,5,4
Makina Mühendisliği,İstanbul Üniversitesi ,Mühendislik,RWTH Aachen University,3,4,5,5,4,5,4
Bilgisayar Mühendisliği,Boğaziçi Üniversitesi,Data Science,RWTH Aachen University,4,5,4,4,4,4,5
Endüstri Mühendisliği,İstanbul Üniversitesi ,Mühendislik,RWTH Aachen University,5,5,3,3,3,5,4
Bilgisayar Mühendisliği,Boğaziçi Üniversitesi,Mühendislik,RWTH Aachen University,3,4,4,4,4,4,4
Management Information Systems,Yeditepe Üniversitesi,Data Science,RWTH Aachen University,4,5,4,3,5,4,5
Bilgisayar Mühendisliği,İstanbul Teknik Üniversitesi,Mühendislik,RWTH Aachen University,4,5,4,5,4,3,5
Biyomedikal Mühendisliği ,Yıldız Teknik Üniversitesi ,Mühendislik,RWTH Aachen University,5,4,4,4,5,3,5
İnşaat Mühendisliği,Boğaziçi Üniversitesi,Mühendislik,RWTH Aachen University,5,4,4,4,5,4,5
Management Information Systems,Boğaziçi Üniversitesi ,Bilgi Teknolojileri,Berlin Technical University,5,3,2,2,4,3,5
İşletme,Yıldız Teknik Üniversitesi ,İşletme,Berlin Technical University,4,5,5,5,4,4,5
Bilgisayar Mühendisliği,İstanbul Üniversitesi ,Bilgi Teknolojileri,Berlin Technical University,5,4,5,5,4,5,5
Endüstri Mühendisliği,Boğaziçi Üniversitesi ,Bilgi Teknolojileri,Berlin Technical University,5,5,4,4,4,5,5
Bilgisayar Mühendisliği,Bilkent Üniversitesi,Bilgi Teknolojileri,Berlin Technical University,4,5,5,5,3,3,4
Bilgisayar Mühendisliği,Boğaziçi Üniversitesi ,Computer Science,Berlin Technical University,4,4,5,5,4,3,5
İşletme,İstanbul Teknik Üniversitesi,İşletme,Berlin Technical University,4,5,4,3,4,3,4
Endüstri Mühendisliği,Özyeğin Üniversitesi,Bilgi Teknolojileri,Berlin Technical University,4,2,3,3,3,4,5
İşletme,İstanbul Üniversitesi ,İşletme,Berlin Technical University,3,5,5,5,5,4,5
Management Information Systems,Boğaziçi Üniversitesi ,Bilgi Teknolojileri,Berlin Technical University,5,4,3,3,5,4,5
Endüstri Mühendisliği,Bilkent Üniversitesi,Bilgi Teknolojileri,Berlin Technical University,5,4,4,4,4,5,5
Ekonomi,İstanbul Teknik Üniversitesi,İşletme,Berlin Technical University,4,5,4,4,4,3,4
Tarih ,İstanbul Teknik Üniversitesi,Tarih ,Berlin Humboldt University,4,5,4,4,5,4,2
Rehberlik ve Psikolojik Danışmanlık ,Boğaziçi Üniversitesi,Eğitim,Berlin Humboldt University,5,4,4,4,5,4,2
İşletme,Galatasaray Üniversitesi,Sosyal Bilimler,Berlin Humboldt University,5,5,3,4,4,3,5
Sosyoloji,Özyeğin Üniversitesi,Humanities,Berlin Humboldt University,4,4,4,4,4,3,5
Uluslararası Ticaret,Boğaziçi Üniversitesi,Sosyal Bilimler,Berlin Humboldt University,5,4,3,5,3,4,4
Tarih ,Boğaziçi Üniversitesi,Tarih ,Berlin Humboldt University,4,5,4,4,5,5,2
İşletme,Bilkent Üniversitesi,Sosyal Bilimler,Berlin Humboldt University,4,5,3,4,4,5,4
Ekonomi,Galatasaray Üniversitesi,Sosyal Bilimler,Berlin Humboldt University,4,5,4,3,5,3,5
Sosyoloji,Boğaziçi Üniversitesi,Humanities,Berlin Humboldt University,5,5,4,4,4,3,5
Tarih ,Boğaziçi Üniversitesi,Sosyal Bilimler,Berlin Humboldt University,5,4,5,4,4,4,4
Management Information Systems,Boğaziçi Üniversitesi,Finans,Frankfurt School of Finance and Management,5,4,5,3,4,3,5
İşletme Mühendisliği,İstanbul Teknik Üniversitesi,Finans,Frankfurt School of Finance and Management,3,5,5,3,5,5,4
İşletme,Yıldız Teknik Üniversitesi ,Finans,Frankfurt School of Finance and Management,5,5,4,4,5,2,4
Ekonomi,Özyeğin Üniversitesi,Ekonomi,Frankfurt School of Finance and Management,5,4,5,5,4,5,4
Endüstri Mühendisliği ,Özyeğin Üniversitesi,Finans,Frankfurt School of Finance and Management,4,5,4,3,5,3,4
İşletme,Boğaziçi Üniversitesi,Finans,Frankfurt School of Finance and Management,5,4,5,4,4,4,5
Ekonomi,İstanbul Teknik Üniversitesi,Finans,Frankfurt School of Finance and Management,3,5,5,4,4,5,5
Ekonomi,Yıldız Teknik Üniversitesi ,Finans,Frankfurt School of Finance and Management,4,5,4,4,5,2,4
Management Information Systems,Boğaziçi Üniversitesi,Ekonomi,Frankfurt School of Finance and Management,5,4,5,3,4,5,4
İşletme,Boğaziçi Üniversitesi,Ekonomi,Ludwig Maximilian University,4,5,4,5,4,3,5
Management Information Systems,Boğaziçi Üniversitesi,Ekonomi,Ludwig Maximilian University,5,4,5,3,3,3,4
Hukuk,MEF Üniversitesi ,Hukuk,Ludwig Maximilian University,4,5,4,4,5,4,4
Ekonomi,İstanbul Üniversitesi ,Ekonomi,Ludwig Maximilian University,4,5,4,5,4,2,5
Ekonomi,Bahçeşehir Üniversitesi,Ekonomi,Ludwig Maximilian University,4,5,4,4,3,3,5
İşletme,Boğaziçi Üniversitesi,Ekonomi,Ludwig Maximilian University,5,4,5,3,3,4,4
Hukuk,Bahçeşehir Üniversitesi,Hukuk,Ludwig Maximilian University,4,5,4,5,4,5,4
Siyaset Bilimi ve Uluslararası İlişkiler ,Boğaziçi Üniversitesi,Ekonomi,Ludwig Maximilian University,5,4,5,4,5,2,4
Ekonomi,Boğaziçi Üniversitesi,İşletme,University of Leipzig,5,4,5,5,4,3,5
Ekonomi,İstanbul Teknik Üniversitesi,İşletme,University of Leipzig,5,4,4,4,5,3,5
Siyaset Bilimi ve Uluslararası İlişkiler,Boğaziçi Üniversitesi,İşletme,University of Leipzig,5,4,3,5,4,3,4
Management Information Systems,Boğaziçi Üniversitesi,Information Systems,University of Leipzig,4,5,4,5,4,5,5
İşletme,Boğaziçi Üniversitesi,İşletme,University of Leipzig,4,5,4,5,4,2,4
Management Information Systems,Boğaziçi Üniversitesi,İşletme,University of Leipzig,5,4,4,4,4,3,4
Management Information Systems,Yeditepe Üniversitesi,Information Systems,University of Leipzig,4,5,4,5,4,4,5
Psikoloji ,Özyeğin Üniversitesi,Sosyal Bilimler,ENS Paris,4,5,5,5,5,3,5
Sosyoloji ,Boğaziçi Üniversitesi,Sosyal Bilimler,ENS Paris,5,4,5,5,4,3,5
Psikoloji ,Özyeğin Üniversitesi,Sosyal Bilimler,ENS Paris,4,5,4,4,4,3,5
Siyaset Bilimi ve Uluslararası İlişkiler,Boğaziçi Üniversitesi,Sosyal Bilimler,ENS Paris,5,4,5,2,4,3,5
Siyaset Bilimi ve Uluslararası İlişkiler,Boğaziçi Üniversitesi,Sosyal Bilimler,ENS Paris,4,5,5,3,4,4,5
Siyaset Bilimi ve Uluslararası İlişkiler,Boğaziçi Üniversitesi,Sosyal Bilimler,ENS Paris,4,5,4,3,4,3,5
Makina Mühendisliği,Marmara Üniversitesi,Mühendislik,Politecnico di Milano,4,5,4,4,5,5,5
Makina Mühendisliği,Boğaziçi Üniversitesi,Mühendislik,Politecnico di Milano,4,5,4,5,5,3,5
Elektrik Elektronik Mühendisliği,İstanbul Teknik Üniversitesi,Bilgi Teknolojileri,Politecnico di Milano,4,5,5,3,4,2,4
Endüstri Mühendisliği ,Ortadoğu Teknik Üniversitesi,Mühendislik,Politecnico di Milano,5,4,5,4,5,4,5
Bilgisayar Mühendisliği,Yıldız Teknik Üniversitesi,Mühendislik,Politecnico di Milano,4,5,5,4,5,4,5
Bilgisayar Mühendisliği,Bilkent Üniversitesi,Bilgi Teknolojileri,Politecnico di Milano,4,4,5,3,3,2,4
İşletme,Bilkent Üniversitesi,İşletme,University of Stuttgart,4,5,5,5,5,3,4
Kimya,Boğaziçi Üniversitesi,Temel Bilim,University of Stuttgart,4,5,4,5,4,4,5
Ekonomi,İstanbul Üniversitesi ,İşletme,University of Stuttgart,4,5,5,5,4,3,4
Fizik,Ortadoğu Teknik Üniversitesi,Temel Bilim,University of Stuttgart,4,5,5,5,4,3,5
İşletme,Yeditepe Üniversitesi,İşletme,University of Stuttgart,5,5,4,5,5,3,4
Fizik,Boğaziçi Üniversitesi,Temel Bilim,University of Stuttgart,4,5,5,5,5,3,5
Mimarlık,Maltepe Üniversitesi,Mimarlık,University of Bologna,4,5,4,4,3,4,5
Mimarlık,Yıldız Teknik Üniversitesi,Mimarlık,University of Bologna,4,5,4,2,4,3,4
Mimarlık,İstanbul Teknik Üniversitesi,Mimarlık,University of Bologna,4,4,5,2,3,3,5
Mimarlık,İstanbul Teknik Üniversitesi,Mimarlık,University of Bologna,4,4,5,2,3,3,5
Felsefe,Boğaziçi Üniversitesi,Philosophy,Universita della Svizerra Italiana,4,5,4,5,3,2,5
Felsefe,Ortadoğu Teknik Üniversitesi,Philosophy,Universita della Svizerra Italiana,4,5,5,5,4,4,4
Felsefe,Boğaziçi Üniversitesi,Philosophy,Universita della Svizerra Italiana,4,5,4,4,3,2,5
Felsefe,Bilkent Üniversitesi,Philosophy,Universita della Svizerra Italiana,4,5,5,5,4,5,4
Siyaset Bilimi ve Uluslararası İlişkiler ,MEF Üniversitesi ,Sosyal Bilimler,Florence University,4,5,4,5,4,5,5
İşletme,Boğaziçi Üniversitesi,Sosyal Bilimler,Florence University,4,5,4,3,5,4,4
İşletme,Bilkent Üniversitesi,Sosyal Bilimler,Florence University,4,5,4,5,4,5,5
Siyaset Bilimi ve Uluslararası İlişkiler ,Boğaziçi Üniversitesi,Sosyal Bilimler,Florence University,5,5,3,3,5,5,4
Management Information Systems,Boğaziçi Üniversitesi,Computer Science,EPFL,4,5,4,3,4,3,4
Bilgisayar Mühendisliği,Sabancı Üniversitesi,Computer Science,EPFL,4,4,5,3,4,5,5
Bilgisayar Mühendisliği,Bilkent Üniversitesi,Computer Science,EPFL,3,4,4,2,4,4,4
Bilgisayar Mühendisliği,İstanbul Teknik Üniversitesi,Computer Science,EPFL,5,4,4,3,5,3,5
Kimya,Ortadoğu Teknik Üniversitesi,Kimya,Freie Universität Berlin,4,4,5,4,3,4,4
Fen Bilgisi Öğretmenliği ,Ortadoğu Teknik Üniversitesi,Eğitim,Freie Universität Berlin,4,5,4,5,5,4,5
Kimya,Bilkent Üniversitesi,Kimya,Freie Universität Berlin,5,4,4,5,3,4,4
Fen Bilgisi Öğretmenliği ,Boğaziçi Üniversitesi,Eğitim,Freie Universität Berlin,4,5,4,4,5,5,5
Sanat Tarihi ,İstanbul Üniversitesi ,Sanat Tarihi ,University of Vienna,5,4,5,4,5,5,5
Matematik,İstanbul Teknik Üniversitesi,Cognitive Science,University of Vienna,4,5,5,4,4,5,4
Sanat Tarihi ,İstanbul Üniversitesi ,Sanat Tarihi ,University of Vienna,5,4,5,4,5,5,5
Matematik,Ortadoğu Teknik Üniversitesi,Matematik,University of Vienna,4,5,5,5,5,4,4
Moleküler Biyoloji ve Genetik,Boğaziçi Üniversitesi,Temel Bilim,Albert-Ludwigs-Universität Freiburg,4,3,3,5,4,5,5
Moleküler Biyoloji ve Genetik,Boğaziçi Üniversitesi,Temel Bilim,Albert-Ludwigs-Universität Freiburg,4,3,4,5,3,5,4
Bilgisayar Mühendisliği,Boğaziçi Üniversitesi,Mühendislik,Imperial College London,5,4,5,5,5,3,4
Bilgisayar Mühendisliği,Boğaziçi Üniversitesi,Mühendislik,Imperial College London,5,4,4,5,4,3,5
Management Information Systems,Boğaziçi Üniversitesi,Mühendislik,Imperial College London,4,5,5,5,5,3,4
Rehberlik ve Psikolojik Danışmanlık ,Boğaziçi Üniversitesi,Klinik Psikoloji,King’s College London,4,5,5,4,5,4,5
Psikoloji ,Boğaziçi Üniversitesi,Klinik Psikoloji,King’s College London,5,5,4,4,5,4,4
Kimya,Boğaziçi Üniversitesi,Temel Bilim,Amsterdam Üniversitesi,4,4,4,5,3,1,4
Fizik,Boğaziçi Üniversitesi,Temel Bilim,Amsterdam Üniversitesi,5,4,5,5,3,1,4
Matematik,Boğaziçi Üniversitesi,Temel Bilim,Amsterdam Üniversitesi,5,4,5,5,3,3,5
Beslenme ve Diyetetik ,Bahçeşehir Üniversitesi,Sağlık,Padova University,4,5,4,5,3,4,4
Beslenme ve Diyetetik ,Bahçeşehir Üniversitesi,Sağlık,Padova University,5,5,4,4,3,4,5
Beslenme ve Diyetetik ,Yeditepe Üniversitesi,Sağlık,Padova University,4,5,4,5,3,4,5
Dilbilim,İstanbul Üniversitesi ,Dilbilim,University of Freiburg,4,4,5,5,4,4,5
Dilbilim,Boğaziçi Üniversitesi,Dilbilim,University of Freiburg,5,4,5,5,5,5,4
Dilbilim,İstanbul Üniversitesi ,Dilbilim,University of Freiburg,4,5,3,4,5,4,5
Hukuk ,MEF Üniversitesi ,Hukuk,Berlin School Of Economics and Law,4,5,4,5,4,4,4
Hukuk ,Bahçeşehir Üniversitesi,Hukuk,Berlin School Of Economics and Law,5,5,4,5,4,5,5
Management Information Systems,Dokuz Eylül Üniversitesi ,Information Systems,University of Münster,4,4,5,3,4,2,4
Management Information Systems,Boğaziçi Üniversitesi,Information Systems,University of Münster,4,5,4,2,5,1,5
Management Information Systems,Boğaziçi Üniversitesi,Bilgi Teknolojileri,Utrecht University,3,5,4,2,3,4,4
Management Information Systems,Yeditepe Üniversitesi,Bilgi Teknolojileri,Utrecht University,4,5,5,4,3,4,5
Moleküler Biyoloji ve Genetik,Bilkent Üniversitesi,Interdisciplinary Neuroscience ,Goethe University ,4,4,5,5,5,5,4
Moleküler Biyoloji ve Genetik,Bilkent Üniversitesi,Interdisciplinary Neuroscience ,Goethe University ,4,5,4,5,5,4,5
Matematik ,Ortadoğu Teknik Üniversitesi,Temel Bilim,University of Bonn,4,5,5,4,4,3,5
Fizik,Bilkent Üniversitesi,Temel Bilim,University of Bonn,5,5,4,5,4,3,4
Management Information Systems,Boğaziçi Üniversitesi,Bilgi Teknolojileri,University of Tilburg,5,3,3,2,5,4,4
Management Information Systems,Yeditepe Üniversitesi,Bilgi Teknolojileri,University of Tilburg,4,5,3,3,5,4,4
Ekonomi,Boğaziçi Üniversitesi,İşletme,ETH Zurich,4,4,4,5,3,5,5
İşletme,Boğaziçi Üniversitesi,İşletme,University of Manheim,3,4,4,3,4,4,5
Uluslararası İlişkiler,Yalova Üniversitesi,İşletme,University of Manheim,3,5,4,4,3,5,4
Sosyoloji,Boğaziçi Üniversitesi,Sosyal Bilimler,University of Padua,5,4,5,4,4,5,5
Psikoloji ,Bilkent Üniversitesi,Sosyal Bilimler,University of Padua,4,5,5,2,4,5,4
Batı Dilleri ve Edebiyatları,Boğaziçi Üniversitesi,English Literatures and Cultures ,Tübingen University,5,5,5,5,4,3,5
Management Information Systems,Yeditepe Üniversitesi,Bilgi Teknolojileri,Twente University ,3,4,4,3,5,4,4
Management Information Systems,Boğaziçi Üniversitesi,Bilgi Teknolojileri,Twente University ,3,4,3,2,4,4,5
Bilgisayar Mühendisliği,Bilkent Üniversitesi,Bilgi Teknolojileri,Twente University ,3,4,4,3,5,4,4
Dilbilim,Boğaziçi Üniversitesi,Dilbilim, Potsdam University,2,4,3,5,4,5,4
Bilgisayar Mühendisliği ,Işık Üniversitesi ,Bilgi Teknolojileri,Politecnico di Torino,3,4,5,3,4,3,4
